{
  "version": 1,
  "author": "The Bin - Hack Club",
  "editor": "wokwi",
  "parts": [
    { "type": "board-pi-pico-w", "id": "pico", "top": -3.25, "left": -6.05, "attrs": {} },
    {
      "type": "board-ssd1306",
      "id": "board-ssd1306-0",
      "top": 51.14,
      "left": 134.63,
      "attrs": {}
    },
    {
      "type": "wokwi-analog-joystick",
      "id": "joystick1",
      "top": -106.2,
      "left": 139.8,
      "attrs": {}
    },
    { "type": "wokwi-servo", "id": "servo1", "top": 142, "left": 134.4, "attrs": {} }
  ],
  "connections": [
    [ "pico:GP0", "$serialMonitor:RX", "", [] ],
    [ "pico:GP1", "$serialMonitor:TX", "", [] ],
    [ "board-ssd1306-0:GND", "pico:GND.8", "black", [ "v-28.8", "h-57.6", "v48" ] ],
    [ "pico:GP27", "board-ssd1306-0:SCL", "green", [ "h0" ] ],
    [
      "pico:GP26",
      "board-ssd1306-0:SDA",
      "green",
      [ "h57.91", "v57.6", "h163.2", "v-124.8", "h-86.4" ]
    ],
    [ "pico:3V3", "board-ssd1306-0:VCC", "red", [ "h0" ] ],
    [ "pico:GND.7", "servo1:GND", "black", [ "h48.31", "v115.2" ] ],
    [ "servo1:V+", "pico:VBUS", "red", [ "h-48", "v0.1" ] ],
    [ "servo1:PWM", "pico:GP15", "green", [ "h0" ] ],
    [ "joystick1:VCC", "pico:3V3_EN", "red", [ "v0" ] ],
    [ "pico:GP28", "joystick1:HORZ", "green", [ "h57.91", "v-48", "h67.2" ] ]
  ],
  "serialMonitor": { "display": "always", "newline": "lf", "convertEol": false },
  "dependencies": {}
}