{
  "version": 1,
  "author": "The Bin - Hack Club",
  "editor": "wokwi",
  "parts": [
    { "type": "board-pi-pico-w", "id": "pico", "top": -3.25, "left": -6.05, "attrs": {} },
    { "type": "board-ssd1306", "id": "board-ssd1306-0", "top": 3.14, "left": 115.43, "attrs": {} },
    {
      "type": "wokwi-analog-joystick",
      "id": "wokwi-analog-joystick-0",
      "top": 162.6,
      "left": 197.4,
      "attrs": {}
    },
    { "type": "wokwi-servo", "id": "wokwi-servo-0", "top": 65.2, "left": 115.2, "attrs": {} }
  ],
  "connections": [
    [ "pico:GP0", "$serialMonitor:RX", "", [] ],
    [ "pico:GP1", "$serialMonitor:TX", "", [] ],
    [ "wokwi-servo-0:GND", "pico:GND.8", "black", [ "h-28.8", "v-86.4" ] ],
    [ "wokwi-servo-0:V+", "pico:VBUS", "red", [ "h-19.2", "v-115.1" ] ],
    [ "wokwi-servo-0:PWM", "pico:GP0", "green", [ "h-28.8", "v77", "h-105.6", "v-201.6" ] ],
    [ "wokwi-analog-joystick-0:GND", "pico:GND.5", "black", [ "v28.8", "h-153.6", "v-124.8" ] ],
    [ "pico:3V3", "wokwi-analog-joystick-0:VCC", "green", [ "h9.91", "v230.4", "h134.4" ] ],
    [
      "pico:GP26",
      "wokwi-analog-joystick-0:HORZ",
      "green",
      [ "h38.71", "v192", "h124.8", "v-9.6" ]
    ],
    [ "pico:GP15", "wokwi-analog-joystick-0:SEL", "green", [ "h0", "v124.84", "h240" ] ],
    [ "wokwi-analog-joystick-0:VERT", "pico:GP27", "green", [ "v19.2", "h-153.6", "v-249.6" ] ],
    [ "board-ssd1306-0:GND", "pico:GND.8", "black", [ "v-28.8", "h-57.6", "v48" ] ],
    [ "board-ssd1306-0:VCC", "pico:3V3", "red", [ "v-28.8", "h-76.65", "v67.2" ] ],
    [
      "board-ssd1306-0:SCL",
      "pico:GP19",
      "green",
      [ "v-19.2", "h144.3", "v172.8", "h-220.8", "v-19.2" ]
    ],
    [ "board-ssd1306-0:SDA", "pico:GP18", "green", [ "v0", "h124.87", "v163.2" ] ]
  ],
  "serialMonitor": { "display": "always", "newline": "lf", "convertEol": false },
  "dependencies": {}
}